level,tier,agl
0,0,0
0,1,1
0,2,2
0,3,4
1,0,0
1,1,1
1,2,2
1,3,4
2,0,0
2,1,1
2,2,2
2,3,5
3,0,0
3,1,1
3,2,2
3,3,5
4,0,0
4,1,1
4,2,3
4,3,5
5,0,0
5,1,1
5,2,3
5,3,5
6,0,0
6,1,2
6,2,3
6,3,6
7,0,0
7,1,2
7,2,3
7,3,6
8,0,0
8,1,2
8,2,3
8,3,6
9,0,1
9,1,2
9,2,3
9,3,6
10,0,1
10,1,2
10,2,4
10,3,7
11,0,1
11,1,2
11,2,4
11,3,7
12,0,1
12,1,2
12,2,4
12,3,7
13,0,1
13,1,2
13,2,4
13,3,8
14,0,1
14,1,2
14,2,4
14,3,8
15,0,1
15,1,3
15,2,4
15,3,8
16,0,1
16,1,3
16,2,5
16,3,8
17,0,1
17,1,3
17,2,5
17,3,9
18,0,1
18,1,3
18,2,5
18,3,9
19,0,1
19,1,3
19,2,5
19,3,9
20,0,1
20,1,3
20,2,5
20,3,10
21,0,1
21,1,3
21,2,5
21,3,10
22,0,2
22,1,3
22,2,6
22,3,10
23,0,2
23,1,4
23,2,6
23,3,11
24,0,2
24,1,4
24,2,6
24,3,11
25,0,2
25,1,4
25,2,6
25,3,11
26,0,2
26,1,4
26,2,6
26,3,12
27,0,2
27,1,4
27,2,7
27,3,12
28,0,2
28,1,4
28,2,7
28,3,13
29,0,2
29,1,4
29,2,7
29,3,13
30,0,2
30,1,5
30,2,7
30,3,13
31,0,2
31,1,5
31,2,7
31,3,14
32,0,2
32,1,5
32,2,8
32,3,14
33,0,2
33,1,5
33,2,8
33,3,14
34,0,2
34,1,5
34,2,8
34,3,15
35,0,3
35,1,5
35,2,8
35,3,15
36,0,3
36,1,5
36,2,8
36,3,15
37,0,3
37,1,5
37,2,9
37,3,16
38,0,3
38,1,6
38,2,9
38,3,16
39,0,3
39,1,6
39,2,9
39,3,17
40,0,3
40,1,6
40,2,9
40,3,17
41,0,3
41,1,6
41,2,10
41,3,17
42,0,3
42,1,6
42,2,10
42,3,18
43,0,3
43,1,6
43,2,10
43,3,18
44,0,3
44,1,6
44,2,10
44,3,18
45,0,3
45,1,7
45,2,10
45,3,19
46,0,4
46,1,7
46,2,11
46,3,19
47,0,4
47,1,7
47,2,11
47,3,20
48,0,4
48,1,7
48,2,11
48,3,20
49,0,4
49,1,7
49,2,11
49,3,20
50,0,4
50,1,7
50,2,12
50,3,21
51,0,4
51,1,8
51,2,12
51,3,21
52,0,4
52,1,8
52,2,12
52,3,22
53,0,4
53,1,8
53,2,12
53,3,22
54,0,4
54,1,8
54,2,12
54,3,22
55,0,4
55,1,8
55,2,13
55,3,23
56,0,4
56,1,8
56,2,13
56,3,23
57,0,5
57,1,8
57,2,13
57,3,24
58,0,5
58,1,9
58,2,13
58,3,24
59,0,5
59,1,9
59,2,14
59,3,24
60,0,5
60,1,9
60,2,14
60,3,25
61,0,5
61,1,9
61,2,14
61,3,25
62,0,5
62,1,9
62,2,14
62,3,26
63,0,5
63,1,9
63,2,14
63,3,26
64,0,5
64,1,10
64,2,15
64,3,26
65,0,5
65,1,10
65,2,15
65,3,27
66,0,5
66,1,10
66,2,15
66,3,27
67,0,6
67,1,10
67,2,15
67,3,27
68,0,6
68,1,10
68,2,15
68,3,27
69,0,6
69,1,10
69,2,15
69,3,27
70,0,6
70,1,10
70,2,15
70,3,27
71,0,6
71,1,10
71,2,15
71,3,27
72,0,6
72,1,10
72,2,16
72,3,27
73,0,6
73,1,10
73,2,16
73,3,27
74,0,6
74,1,11
74,2,16
74,3,27
75,0,6
75,1,11
75,2,16
75,3,28
76,0,6
76,1,11
76,2,16
76,3,28
77,0,7
77,1,11
77,2,16
77,3,28
78,0,7
78,1,11
78,2,16
78,3,28
79,0,7
79,1,11
79,2,16
79,3,28
80,0,7
80,1,11
80,2,16
80,3,28
81,0,7
81,1,11
81,2,16
81,3,28
82,0,7
82,1,11
82,2,17
82,3,28
83,0,7
83,1,11
83,2,17
83,3,28
84,0,7
84,1,12
84,2,17
84,3,28
85,0,7
85,1,12
85,2,17
85,3,29
86,0,7
86,1,12
86,2,17
86,3,29
87,0,8
87,1,12
87,2,17
87,3,29
88,0,8
88,1,12
88,2,17
88,3,29
89,0,8
89,1,12
89,2,17
89,3,29
90,0,8
90,1,12
90,2,18
90,3,29
91,0,8
91,1,13
91,2,18
91,3,30
92,0,9
92,1,13
92,2,18
92,3,30
93,0,9
93,1,13
93,2,18
93,3,30
94,0,9
94,1,14
94,2,19
94,3,31
95,0,10
95,1,14
95,2,19
95,3,31
96,0,10
96,1,14
96,2,19
96,3,31
97,0,10
97,1,14
97,2,20
97,3,31
98,0,10
98,1,15
98,2,20
98,3,32
99,0,10
99,1,15
99,2,20
99,3,32
