level,exp_by_level
0,0
1,2
2,8
3,20
4,39
5,65
6,99
7,141
8,193
9,253
10,323
11,404
12,494
13,595
14,707
15,829
16,964
17,1109
18,1267
19,1437
20,1619
21,1813
22,2020
23,2240
24,2473
25,2719
26,2978
27,3252
28,3538
29,3839
30,4154
31,4483
32,4826
33,5184
34,5557
35,5944
36,6346
37,6764
38,7197
39,7645
40,8108
41,8587
42,9082
43,9593
44,10119
45,10662
46,11221
47,11796
48,12388
49,12996
50,13621
51,14263
52,14922
53,15597
54,16290
55,17000
56,17727
57,18472
58,19234
59,20014
60,20812
61,21627
62,22460
63,23312
64,24181
65,25069
66,25974
67,26899
68,27841
69,28802
70,29782
71,30781
72,31798
73,32834
74,33890
75,34964
76,36057
77,37170
78,38302
79,39453
80,40624
81,41815
82,43025
83,44255
84,45504
85,46774
86,48063
87,49372
88,50702
89,52051
90,53421
91,54811
92,56222
93,57653
94,59105
95,60577
96,62070
97,63583
98,65118
99,65535
