level,tier,monster_hp
0,0,11
0,1,12
0,2,12
0,3,13
1,0,13
1,1,14
1,2,16
1,3,20
2,0,16
2,1,18
2,2,21
2,3,28
3,0,19
3,1,22
3,2,27
3,3,37
4,0,22
4,1,27
4,2,34
4,3,48
5,0,26
5,1,33
5,2,41
5,3,60
6,0,30
6,1,39
6,2,49
6,3,73
7,0,35
7,1,45
7,2,58
7,3,87
8,0,40
8,1,52
8,2,67
8,3,102
9,0,45
9,1,59
9,2,77
9,3,117
10,0,50
10,1,67
10,2,87
10,3,134
11,0,56
11,1,74
11,2,98
11,3,151
12,0,62
12,1,83
12,2,109
12,3,169
13,0,68
13,1,91
13,2,121
13,3,188
14,0,74
14,1,100
14,2,133
14,3,207
15,0,80
15,1,109
15,2,145
15,3,227
16,0,87
16,1,119
16,2,158
16,3,248
17,0,94
17,1,128
17,2,171
17,3,269
18,0,101
18,1,138
18,2,185
18,3,291
19,0,108
19,1,149
19,2,199
19,3,314
20,0,116
20,1,159
20,2,213
20,3,337
21,0,124
21,1,170
21,2,228
21,3,360
22,0,131
22,1,181
22,2,243
22,3,384
23,0,139
23,1,192
23,2,258
23,3,409
24,0,148
24,1,204
24,2,274
24,3,434
25,0,156
25,1,216
25,2,290
25,3,460
26,0,164
26,1,228
26,2,306
26,3,486
27,0,173
27,1,240
27,2,323
27,3,513
28,0,182
28,1,252
28,2,340
28,3,540
29,0,191
29,1,265
29,2,357
29,3,568
30,0,200
30,1,278
30,2,375
30,3,596
31,0,209
31,1,291
31,2,392
31,3,624
32,0,219
32,1,304
32,2,411
32,3,653
33,0,228
33,1,318
33,2,429
33,3,683
34,0,238
34,1,331
34,2,447
34,3,713
35,0,248
35,1,345
35,2,466
35,3,743
36,0,258
36,1,359
36,2,485
36,3,774
37,0,268
37,1,373
37,2,505
37,3,805
38,0,278
38,1,388
38,2,525
38,3,837
39,0,288
39,1,402
39,2,544
39,3,869
40,0,299
40,1,417
40,2,565
40,3,901
41,0,309
41,1,432
41,2,585
41,3,934
42,0,320
42,1,447
42,2,606
42,3,967
43,0,331
43,1,463
43,2,627
43,3,1001
44,0,342
44,1,478
44,2,648
44,3,1035
45,0,353
45,1,494
45,2,669
45,3,1069
46,0,364
46,1,510
46,2,691
46,3,1104
47,0,376
47,1,526
47,2,713
47,3,1139
48,0,387
48,1,542
48,2,735
48,3,1174
49,0,399
49,1,558
49,2,757
49,3,1210
50,0,411
50,1,575
50,2,779
50,3,1246
51,0,422
51,1,592
51,2,802
51,3,1283
52,0,434
52,1,609
52,2,825
52,3,1320
53,0,446
53,1,626
53,2,848
53,3,1357
54,0,459
54,1,643
54,2,872
54,3,1394
55,0,471
55,1,660
55,2,895
55,3,1432
56,0,483
56,1,678
56,2,919
56,3,1471
57,0,496
57,1,695
57,2,943
57,3,1509
58,0,509
58,1,713
58,2,967
58,3,1548
59,0,521
59,1,731
59,2,992
59,3,1587
60,0,534
60,1,749
60,2,1017
60,3,1627
61,0,547
61,1,767
61,2,1041
61,3,1667
62,0,560
62,1,786
62,2,1066
62,3,1707
63,0,573
63,1,804
63,2,1092
63,3,1748
64,0,586
64,1,823
64,2,1117
64,3,1789
65,0,591
65,1,831
65,2,1125
65,3,1799
66,0,596
66,1,838
66,2,1133
66,3,1809
67,0,601
67,1,846
67,2,1141
67,3,1819
68,0,606
68,1,854
68,2,1149
68,3,1829
69,0,611
69,1,861
69,2,1157
69,3,1839
70,0,616
70,1,869
70,2,1165
70,3,1849
71,0,621
71,1,877
71,2,1172
71,3,1859
72,0,626
72,1,885
72,2,1180
72,3,1869
73,0,631
73,1,892
73,2,1188
73,3,1879
74,0,636
74,1,900
74,2,1196
74,3,1889
75,0,641
75,1,908
75,2,1204
75,3,1899
76,0,646
76,1,915
76,2,1212
76,3,1909
77,0,651
77,1,923
77,2,1220
77,3,1919
78,0,656
78,1,931
78,2,1228
78,3,1929
79,0,661
79,1,938
79,2,1236
79,3,1939
80,0,666
80,1,946
80,2,1244
80,3,1949
81,0,671
81,1,954
81,2,1251
81,3,1959
82,0,676
82,1,962
82,2,1259
82,3,1969
83,0,681
83,1,969
83,2,1267
83,3,1979
84,0,686
84,1,977
84,2,1275
84,3,1989
85,0,691
85,1,985
85,2,1283
85,3,1999
86,0,696
86,1,992
86,2,1291
86,3,2009
87,0,701
87,1,1000
87,2,1299
87,3,2019
88,0,706
88,1,1008
88,2,1307
88,3,2029
89,0,711
89,1,1015
89,2,1315
89,3,2039
90,0,715
90,1,1019
90,2,1318
90,3,2042
91,0,718
91,1,1022
91,2,1321
91,3,2045
92,0,722
92,1,1026
92,2,1325
92,3,2049
93,0,725
93,1,1029
93,2,1328
93,3,2052
94,0,728
94,1,1032
94,2,1331
94,3,2055
95,0,731
95,1,1035
95,2,1334
95,3,2059
96,0,734
96,1,1038
96,2,1338
96,3,2062
97,0,738
97,1,1042
97,2,1341
97,3,2065
98,0,741
98,1,1045
98,2,1344
98,3,2068
99,0,744
99,1,1049
99,2,1349
99,3,2071
