level,tier,monster_def
0,0,6
0,1,10
0,2,11
0,3,15
1,0,7
1,1,11
1,2,12
1,3,16
2,0,8
2,1,12
2,2,14
2,3,18
3,0,10
3,1,14
3,2,15
3,3,19
4,0,11
4,1,15
4,2,16
4,3,21
5,0,12
5,1,16
5,2,18
5,3,22
6,0,13
6,1,18
6,2,19
6,3,24
7,0,15
7,1,19
7,2,21
7,3,26
8,0,16
8,1,21
8,2,23
8,3,28
9,0,17
9,1,22
9,2,24
9,3,29
10,0,19
10,1,24
10,2,26
10,3,31
11,0,20
11,1,25
11,2,28
11,3,33
12,0,22
12,1,27
12,2,29
12,3,35
13,0,23
13,1,28
13,2,31
13,3,37
14,0,24
14,1,30
14,2,33
14,3,39
15,0,26
15,1,31
15,2,35
15,3,41
16,0,27
16,1,33
16,2,36
16,3,43
17,0,29
17,1,34
17,2,38
17,3,45
18,0,30
18,1,36
18,2,40
18,3,47
19,0,32
19,1,38
19,2,42
19,3,49
20,0,33
20,1,39
20,2,44
20,3,51
21,0,35
21,1,41
21,2,45
21,3,53
22,0,36
22,1,43
22,2,47
22,3,55
23,0,37
23,1,44
23,2,49
23,3,57
24,0,39
24,1,46
24,2,51
24,3,59
25,0,40
25,1,47
25,2,53
25,3,62
26,0,42
26,1,49
26,2,55
26,3,64
27,0,43
27,1,51
27,2,57
27,3,66
28,0,45
28,1,52
28,2,59
28,3,68
29,0,46
29,1,54
29,2,61
29,3,70
30,0,48
30,1,56
30,2,63
30,3,73
31,0,49
31,1,58
31,2,65
31,3,75
32,0,51
32,1,59
32,2,67
32,3,77
33,0,53
33,1,61
33,2,69
33,3,79
34,0,54
34,1,63
34,2,71
34,3,82
35,0,56
35,1,64
35,2,73
35,3,84
36,0,57
36,1,66
36,2,75
36,3,86
37,0,59
37,1,68
37,2,77
37,3,88
38,0,60
38,1,70
38,2,79
38,3,91
39,0,62
39,1,71
39,2,81
39,3,93
40,0,63
40,1,73
40,2,83
40,3,95
41,0,65
41,1,75
41,2,85
41,3,98
42,0,66
42,1,77
42,2,87
42,3,100
43,0,68
43,1,78
43,2,89
43,3,103
44,0,70
44,1,80
44,2,91
44,3,105
45,0,71
45,1,82
45,2,93
45,3,107
46,0,73
46,1,84
46,2,95
46,3,110
47,0,74
47,1,85
47,2,97
47,3,112
48,0,76
48,1,87
48,2,99
48,3,115
49,0,78
49,1,89
49,2,101
49,3,117
50,0,79
50,1,91
50,2,103
50,3,120
51,0,81
51,1,93
51,2,106
51,3,122
52,0,82
52,1,94
52,2,108
52,3,124
53,0,84
53,1,96
53,2,110
53,3,127
54,0,85
54,1,98
54,2,112
54,3,129
55,0,87
55,1,100
55,2,114
55,3,132
56,0,89
56,1,102
56,2,116
56,3,134
57,0,90
57,1,103
57,2,118
57,3,137
58,0,92
58,1,105
58,2,121
58,3,139
59,0,94
59,1,107
59,2,123
59,3,142
60,0,95
60,1,109
60,2,125
60,3,145
61,0,97
61,1,111
61,2,127
61,3,147
62,0,98
62,1,113
62,2,129
62,3,150
63,0,100
63,1,114
63,2,131
63,3,152
64,0,102
64,1,116
64,2,134
64,3,155
65,0,103
65,1,118
65,2,135
65,3,156
66,0,104
66,1,119
66,2,136
66,3,158
67,0,105
67,1,120
67,2,138
67,3,159
68,0,106
68,1,121
68,2,139
68,3,160
69,0,108
69,1,122
69,2,140
69,3,162
70,0,109
70,1,124
70,2,141
70,3,163
71,0,110
71,1,125
71,2,143
71,3,165
72,0,111
72,1,126
72,2,144
72,3,166
73,0,112
73,1,127
73,2,145
73,3,167
74,0,114
74,1,129
74,2,147
74,3,169
75,0,115
75,1,130
75,2,148
75,3,170
76,0,116
76,1,131
76,2,149
76,3,172
77,0,117
77,1,132
77,2,151
77,3,173
78,0,118
78,1,134
78,2,152
78,3,174
79,0,120
79,1,135
79,2,153
79,3,176
80,0,121
80,1,136
80,2,154
80,3,177
81,0,122
81,1,137
81,2,156
81,3,179
82,0,123
82,1,139
82,2,157
82,3,180
83,0,124
83,1,140
83,2,158
83,3,181
84,0,126
84,1,141
84,2,160
84,3,183
85,0,127
85,1,142
85,2,161
85,3,184
86,0,128
86,1,144
86,2,162
86,3,186
87,0,129
87,1,145
87,2,164
87,3,187
88,0,130
88,1,146
88,2,165
88,3,188
89,0,132
89,1,147
89,2,166
89,3,190
90,0,132
90,1,148
90,2,167
90,3,190
91,0,133
91,1,149
91,2,168
91,3,191
92,0,134
92,1,149
92,2,168
92,3,192
93,0,134
93,1,150
93,2,169
93,3,193
94,0,135
94,1,150
94,2,170
94,3,194
95,0,136
95,1,151
95,2,170
95,3,194
96,0,136
96,1,152
96,2,171
96,3,195
97,0,137
97,1,152
97,2,172
97,3,196
98,0,137
98,1,153
98,2,172
98,3,197
99,0,138
99,1,154
99,2,173
99,3,198
