level,tier,monster_dmg
0,0,1
0,1,1
0,2,2
0,3,2
1,0,1
1,1,1
1,2,2
1,3,3
2,0,1
2,1,2
2,2,3
2,3,3
3,0,2
3,1,2
3,2,3
3,3,4
4,0,2
4,1,3
4,2,4
4,3,5
5,0,3
5,1,3
5,2,4
5,3,6
6,0,3
6,1,3
6,2,5
6,3,7
7,0,3
7,1,4
7,2,6
7,3,8
8,0,4
8,1,5
8,2,7
8,3,9
9,0,4
9,1,5
9,2,7
9,3,10
10,0,5
10,1,6
10,2,8
10,3,11
11,0,5
11,1,6
11,2,9
11,3,13
12,0,6
12,1,7
12,2,10
12,3,14
13,0,6
13,1,8
13,2,11
13,3,15
14,0,7
14,1,8
14,2,12
14,3,17
15,0,8
15,1,9
15,2,13
15,3,18
16,0,8
16,1,10
16,2,14
16,3,20
17,0,9
17,1,11
17,2,15
17,3,21
18,0,9
18,1,12
18,2,16
18,3,23
19,0,10
19,1,12
19,2,17
19,3,24
20,0,11
20,1,13
20,2,19
20,3,26
21,0,11
21,1,14
21,2,20
21,3,27
22,0,12
22,1,15
22,2,21
22,3,29
23,0,13
23,1,16
23,2,22
23,3,31
24,0,14
24,1,17
24,2,23
24,3,33
25,0,14
25,1,18
25,2,25
25,3,35
26,0,15
26,1,19
26,2,26
26,3,36
27,0,16
27,1,19
27,2,27
27,3,38
28,0,17
28,1,20
28,2,29
28,3,40
29,0,18
29,1,22
29,2,30
29,3,43
30,0,18
30,1,23
30,2,32
30,3,44
31,0,19
31,1,24
31,2,33
31,3,46
32,0,20
32,1,25
32,2,34
32,3,49
33,0,21
33,1,26
33,2,36
33,3,51
34,0,22
34,1,27
34,2,37
34,3,53
35,0,23
35,1,28
35,2,39
35,3,55
36,0,24
36,1,29
36,2,40
36,3,57
37,0,25
37,1,30
37,2,42
37,3,60
38,0,25
38,1,31
38,2,44
38,3,62
39,0,26
39,1,33
39,2,45
39,3,64
40,0,27
40,1,34
40,2,47
40,3,67
41,0,28
41,1,35
41,2,48
41,3,69
42,0,29
42,1,36
42,2,50
42,3,72
43,0,30
43,1,37
43,2,52
43,3,74
44,0,31
44,1,38
44,2,53
44,3,76
45,0,32
45,1,40
45,2,55
45,3,79
46,0,33
46,1,41
46,2,57
46,3,82
47,0,34
47,1,42
47,2,59
47,3,84
48,0,35
48,1,44
48,2,60
48,3,87
49,0,36
49,1,45
49,2,62
49,3,90
50,0,37
50,1,46
50,2,64
50,3,92
51,0,39
51,1,48
51,2,66
51,3,95
52,0,40
52,1,49
52,2,68
52,3,98
53,0,41
53,1,51
53,2,70
53,3,101
54,0,42
54,1,52
54,2,71
54,3,104
55,0,43
55,1,53
55,2,73
55,3,106
56,0,44
56,1,55
56,2,75
56,3,109
57,0,45
57,1,56
57,2,77
57,3,112
58,0,47
58,1,58
58,2,79
58,3,115
59,0,48
59,1,59
59,2,81
59,3,118
60,0,49
60,1,61
60,2,83
60,3,121
61,0,50
61,1,62
61,2,85
61,3,125
62,0,51
62,1,64
62,2,87
62,3,128
63,0,53
63,1,65
63,2,89
63,3,131
64,0,54
64,1,67
64,2,92
64,3,134
65,0,54
65,1,68
65,2,92
65,3,136
66,0,55
66,1,68
66,2,93
66,3,137
67,0,55
67,1,69
67,2,94
67,3,139
68,0,56
68,1,70
68,2,95
68,3,140
69,0,57
69,1,70
69,2,96
69,3,142
70,0,57
70,1,71
70,2,97
70,3,143
71,0,58
71,1,72
71,2,98
71,3,145
72,0,58
72,1,73
72,2,99
72,3,147
73,0,59
73,1,73
73,2,100
73,3,148
74,0,59
74,1,74
74,2,101
74,3,150
75,0,60
75,1,75
75,2,102
75,3,151
76,0,61
76,1,76
76,2,103
76,3,153
77,0,61
77,1,76
77,2,104
77,3,154
78,0,62
78,1,77
78,2,105
78,3,156
79,0,62
79,1,78
79,2,106
79,3,158
80,0,63
80,1,79
80,2,107
80,3,159
81,0,63
81,1,79
81,2,108
81,3,161
82,0,64
82,1,80
82,2,109
82,3,163
83,0,65
83,1,81
83,2,110
83,3,164
84,0,65
84,1,82
84,2,110
84,3,166
85,0,66
85,1,82
85,2,112
85,3,168
86,0,66
86,1,83
86,2,113
86,3,169
87,0,67
87,1,84
87,2,114
87,3,171
88,0,68
88,1,85
88,2,115
88,3,173
89,0,68
89,1,86
89,2,116
89,3,174
90,0,68
90,1,86
90,2,116
90,3,175
91,0,69
91,1,86
91,2,116
91,3,176
92,0,69
92,1,87
92,2,117
92,3,177
93,0,69
93,1,87
93,2,117
93,3,178
94,0,69
94,1,87
94,2,118
94,3,179
95,0,70
95,1,88
95,2,118
95,3,180
96,0,70
96,1,88
96,2,119
96,3,180
97,0,70
97,1,88
97,2,119
97,3,181
98,0,70
98,1,89
98,2,119
98,3,182
99,0,70
99,1,90
99,2,120
99,3,183
