level,tier,monster_atk
0,0,4
0,1,6
0,2,8
0,3,10
1,0,5
1,1,7
1,2,9
1,3,11
2,0,6
2,1,8
2,2,10
2,3,12
3,0,7
3,1,9
3,2,11
3,3,13
4,0,8
4,1,10
4,2,12
4,3,14
5,0,10
5,1,12
5,2,14
5,3,16
6,0,12
6,1,14
6,2,16
6,3,18
7,0,13
7,1,15
7,2,17
7,3,19
8,0,14
8,1,16
8,2,18
8,3,20
9,0,15
9,1,17
9,2,19
9,3,21
10,0,16
10,1,18
10,2,20
10,3,22
11,0,17
11,1,19
11,2,21
11,3,23
12,0,19
12,1,21
12,2,23
12,3,25
13,0,20
13,1,22
13,2,24
13,3,26
14,0,21
14,1,23
14,2,25
14,3,27
15,0,22
15,1,24
15,2,26
15,3,28
16,0,23
16,1,25
16,2,27
16,3,29
17,0,25
17,1,27
17,2,29
17,3,31
18,0,27
18,1,29
18,2,31
18,3,33
19,0,28
19,1,30
19,2,32
19,3,34
20,0,29
20,1,31
20,2,33
20,3,35
21,0,30
21,1,32
21,2,34
21,3,36
22,0,31
22,1,33
22,2,35
22,3,37
23,0,33
23,1,35
23,2,37
23,3,39
24,0,34
24,1,36
24,2,38
24,3,40
25,0,35
25,1,37
25,2,39
25,3,41
26,0,36
26,1,38
26,2,40
26,3,42
27,0,38
27,1,40
27,2,42
27,3,44
28,0,39
28,1,41
28,2,43
28,3,45
29,0,40
29,1,42
29,2,44
29,3,46
30,0,42
30,1,44
30,2,46
30,3,48
31,0,43
31,1,45
31,2,47
31,3,49
32,0,45
32,1,47
32,2,49
32,3,51
33,0,46
33,1,48
33,2,50
33,3,52
34,0,47
34,1,49
34,2,51
34,3,53
35,0,48
35,1,50
35,2,52
35,3,54
36,0,50
36,1,52
36,2,54
36,3,56
37,0,51
37,1,53
37,2,55
37,3,57
38,0,52
38,1,54
38,2,56
38,3,58
39,0,53
39,1,55
39,2,57
39,3,59
40,0,54
40,1,56
40,2,58
40,3,60
41,0,56
41,1,58
41,2,60
41,3,62
42,0,57
42,1,59
42,2,61
42,3,63
43,0,59
43,1,61
43,2,63
43,3,65
44,0,60
44,1,62
44,2,64
44,3,66
45,0,62
45,1,64
45,2,66
45,3,68
46,0,63
46,1,65
46,2,67
46,3,69
47,0,64
47,1,66
47,2,68
47,3,70
48,0,65
48,1,67
48,2,69
48,3,71
49,0,67
49,1,69
49,2,71
49,3,73
50,0,68
50,1,70
50,2,72
50,3,74
51,0,69
51,1,71
51,2,73
51,3,75
52,0,70
52,1,72
52,2,74
52,3,76
53,0,72
53,1,74
53,2,76
53,3,78
54,0,73
54,1,75
54,2,77
54,3,79
55,0,75
55,1,77
55,2,79
55,3,81
56,0,76
56,1,78
56,2,80
56,3,82
57,0,78
57,1,80
57,2,82
57,3,84
58,0,79
58,1,81
58,2,83
58,3,85
59,0,80
59,1,82
59,2,84
59,3,86
60,0,81
60,1,83
60,2,85
60,3,87
61,0,83
61,1,85
61,2,87
61,3,89
62,0,84
62,1,86
62,2,88
62,3,90
63,0,85
63,1,87
63,2,89
63,3,91
64,0,86
64,1,88
64,2,90
64,3,92
65,0,88
65,1,90
65,2,92
65,3,94
66,0,89
66,1,91
66,2,93
66,3,95
67,0,90
67,1,92
67,2,94
67,3,96
68,0,92
68,1,94
68,2,96
68,3,98
69,0,94
69,1,96
69,2,98
69,3,100
70,0,95
70,1,97
70,2,99
70,3,101
71,0,96
71,1,98
71,2,100
71,3,102
72,0,97
72,1,99
72,2,101
72,3,103
73,0,99
73,1,101
73,2,103
73,3,105
74,0,100
74,1,102
74,2,104
74,3,106
75,0,101
75,1,103
75,2,105
75,3,107
76,0,102
76,1,104
76,2,106
76,3,108
77,0,104
77,1,106
77,2,108
77,3,110
78,0,105
78,1,107
78,2,109
78,3,111
79,0,106
79,1,108
79,2,110
79,3,112
80,0,108
80,1,110
80,2,112
80,3,114
81,0,110
81,1,112
81,2,114
81,3,116
82,0,111
82,1,113
82,2,115
82,3,117
83,0,112
83,1,114
83,2,116
83,3,118
84,0,113
84,1,115
84,2,117
84,3,119
85,0,114
85,1,116
85,2,118
85,3,120
86,0,116
86,1,118
86,2,120
86,3,122
87,0,117
87,1,119
87,2,121
87,3,123
88,0,118
88,1,120
88,2,122
88,3,124
89,0,119
89,1,121
89,2,123
89,3,125
90,0,120
90,1,122
90,2,124
90,3,126
91,0,121
91,1,123
91,2,125
91,3,127
92,0,122
92,1,124
92,2,126
92,3,128
93,0,123
93,1,125
93,2,127
93,3,129
94,0,124
94,1,126
94,2,128
94,3,130
95,0,124
95,1,126
95,2,128
95,3,130
96,0,125
96,1,127
96,2,129
96,3,131
97,0,125
97,1,127
97,2,129
97,3,131
98,0,126
98,1,128
98,2,130
98,3,132
99,0,127
99,1,129
99,2,131
99,3,133
