level,tier,monster_exp
0,0,9
0,1,15
0,2,23
0,3,46
1,0,1
1,1,2
1,2,2
1,3,3
2,0,4
2,1,5
2,2,7
2,3,9
3,0,8
3,1,10
3,2,13
3,3,17
4,0,12
4,1,16
4,2,20
4,3,25
5,0,16
5,1,21
5,2,26
5,3,34
6,0,20
6,1,26
6,2,33
6,3,42
7,0,23
7,1,31
7,2,40
7,3,50
8,0,28
8,1,38
8,2,48
8,3,60
9,0,31
9,1,42
9,2,53
9,3,67
10,0,35
10,1,48
10,2,61
10,3,76
11,0,39
11,1,53
11,2,68
11,3,85
12,0,42
12,1,58
12,2,74
12,3,92
13,0,46
13,1,63
13,2,81
13,3,100
14,0,49
14,1,68
14,2,87
14,3,108
15,0,52
15,1,72
15,2,93
15,3,114
16,0,56
16,1,78
16,2,100
16,3,123
17,0,59
17,1,82
17,2,105
17,3,129
18,0,62
18,1,87
18,2,112
18,3,137
19,0,65
19,1,91
19,2,118
19,3,143
20,0,68
20,1,96
20,2,123
20,3,150
21,0,71
21,1,100
21,2,128
21,3,156
22,0,73
22,1,104
22,2,134
22,3,163
23,0,76
23,1,108
23,2,140
23,3,169
24,0,79
24,1,112
24,2,145
24,3,175
25,0,81
25,1,116
25,2,150
25,3,181
26,0,84
26,1,120
26,2,155
26,3,186
27,0,87
27,1,124
27,2,161
27,3,193
28,0,89
28,1,127
28,2,165
28,3,197
29,0,91
29,1,132
29,2,170
29,3,204
30,0,94
30,1,135
30,2,175
30,3,209
31,0,96
31,1,139
31,2,179
31,3,214
32,0,98
32,1,142
32,2,184
32,3,219
33,0,100
33,1,146
33,2,189
33,3,224
34,0,103
34,1,149
34,2,193
34,3,230
35,0,104
35,1,152
35,2,197
35,3,234
36,0,107
36,1,155
36,2,201
36,3,239
37,0,109
37,1,159
37,2,206
37,3,244
38,0,111
38,1,162
38,2,210
38,3,249
39,0,113
39,1,165
39,2,214
39,3,253
40,0,114
40,1,168
40,2,218
40,3,257
41,0,116
41,1,171
41,2,222
41,3,262
42,0,118
42,1,174
42,2,226
42,3,266
43,0,120
43,1,177
43,2,230
43,3,271
44,0,122
44,1,179
44,2,233
44,3,274
45,0,124
45,1,183
45,2,237
45,3,279
46,0,125
46,1,185
46,2,241
46,3,283
47,0,127
47,1,188
47,2,245
47,3,287
48,0,129
48,1,191
48,2,248
48,3,291
49,0,130
49,1,193
49,2,252
49,3,294
50,0,132
50,1,196
50,2,255
50,3,298
51,0,134
51,1,199
51,2,259
51,3,302
52,0,135
52,1,201
52,2,262
52,3,306
53,0,137
53,1,203
53,2,265
53,3,309
54,0,139
54,1,206
54,2,269
54,3,313
55,0,140
55,1,209
55,2,272
55,3,317
56,0,142
56,1,211
56,2,275
56,3,320
57,0,143
57,1,213
57,2,279
57,3,324
58,0,145
58,1,216
58,2,281
58,3,327
59,0,146
59,1,218
59,2,285
59,3,331
60,0,148
60,1,221
60,2,288
60,3,334
61,0,149
61,1,223
61,2,291
61,3,337
62,0,150
62,1,225
62,2,294
62,3,341
63,0,152
63,1,227
63,2,297
63,3,344
64,0,153
64,1,229
64,2,300
64,3,347
65,0,154
65,1,232
65,2,303
65,3,351
66,0,156
66,1,233
66,2,305
66,3,353
67,0,157
67,1,236
67,2,309
67,3,357
68,0,158
68,1,238
68,2,311
68,3,359
69,0,160
69,1,240
69,2,314
69,3,363
70,0,161
70,1,242
70,2,317
70,3,366
71,0,162
71,1,244
71,2,319
71,3,369
72,0,163
72,1,246
72,2,322
72,3,371
73,0,165
73,1,248
73,2,325
73,3,374
74,0,166
74,1,250
74,2,328
74,3,378
75,0,167
75,1,252
75,2,330
75,3,380
76,0,168
76,1,254
76,2,332
76,3,383
77,0,169
77,1,256
77,2,335
77,3,386
78,0,171
78,1,258
78,2,338
78,3,388
79,0,172
79,1,260
79,2,340
79,3,391
80,0,173
80,1,262
80,2,343
80,3,394
81,0,174
81,1,263
81,2,345
81,3,397
82,0,175
82,1,265
82,2,347
82,3,399
83,0,176
83,1,267
83,2,350
83,3,402
84,0,177
84,1,269
84,2,352
84,3,404
85,0,179
85,1,271
85,2,355
85,3,407
86,0,179
86,1,272
86,2,357
86,3,409
87,0,181
87,1,274
87,2,359
87,3,412
88,0,182
88,1,276
88,2,362
88,3,415
89,0,183
89,1,277
89,2,364
89,3,417
90,0,184
90,1,279
90,2,366
90,3,420
91,0,185
91,1,281
91,2,368
91,3,422
92,0,186
92,1,283
92,2,371
92,3,424
93,0,187
93,1,284
93,2,373
93,3,427
94,0,188
94,1,286
94,2,375
94,3,429
95,0,189
95,1,287
95,2,377
95,3,431
96,0,190
96,1,289
96,2,379
96,3,434
97,0,191
97,1,291
97,2,381
97,3,436
98,0,192
98,1,292
98,2,384
98,3,439
99,0,193
99,1,293
99,2,386
99,3,441
