level,tier,player_heal
0,0,1
0,1,3
0,2,4
0,3,7
1,0,1
1,1,3
1,2,5
1,3,9
2,0,2
2,1,4
2,2,6
2,3,9
3,0,2
3,1,4
3,2,7
3,3,11
4,0,2
4,1,5
4,2,8
4,3,12
5,0,3
5,1,6
5,2,9
5,3,15
6,0,3
6,1,7
6,2,11
6,3,16
7,0,4
7,1,7
7,2,12
7,3,18
8,0,4
8,1,9
8,2,14
8,3,20
9,0,5
9,1,9
9,2,15
9,3,23
10,0,5
10,1,11
10,2,17
10,3,25
11,0,6
11,1,12
11,2,19
11,3,27
12,0,6
12,1,13
12,2,21
12,3,30
13,0,7
13,1,14
13,2,23
13,3,32
14,0,8
14,1,15
14,2,24
14,3,35
15,0,8
15,1,16
15,2,26
15,3,38
16,0,9
16,1,18
16,2,29
16,3,40
17,0,9
17,1,19
17,2,31
17,3,43
18,0,10
18,1,20
18,2,33
18,3,46
19,0,11
19,1,22
19,2,35
19,3,49
20,0,12
20,1,23
20,2,37
20,3,53
21,0,12
21,1,24
21,2,39
21,3,56
22,0,13
22,1,26
22,2,42
22,3,59
23,0,14
23,1,27
23,2,44
23,3,63
24,0,14
24,1,29
24,2,47
24,3,66
25,0,15
25,1,30
25,2,49
25,3,69
26,0,16
26,1,32
26,2,52
26,3,73
27,0,17
27,1,33
27,2,54
27,3,76
28,0,18
28,1,35
28,2,57
28,3,80
29,0,18
29,1,37
29,2,59
29,3,84
30,0,19
30,1,38
30,2,62
30,3,87
31,0,20
31,1,40
31,2,65
31,3,91
32,0,21
32,1,42
32,2,67
32,3,95
33,0,22
33,1,43
33,2,70
33,3,99
34,0,22
34,1,45
34,2,73
34,3,103
35,0,23
35,1,47
35,2,76
35,3,107
36,0,24
36,1,49
36,2,79
36,3,111
37,0,25
37,1,50
37,2,82
37,3,115
38,0,26
38,1,52
38,2,85
38,3,119
39,0,27
39,1,54
39,2,88
39,3,123
40,0,28
40,1,56
40,2,91
40,3,128
41,0,29
41,1,58
41,2,94
41,3,132
42,0,30
42,1,60
42,2,97
42,3,136
43,0,31
43,1,61
43,2,100
43,3,141
44,0,31
44,1,63
44,2,103
44,3,145
45,0,32
45,1,65
45,2,106
45,3,150
46,0,33
46,1,67
46,2,109
46,3,154
47,0,34
47,1,69
47,2,112
47,3,159
48,0,35
48,1,71
48,2,116
48,3,163
49,0,36
49,1,73
49,2,119
49,3,168
50,0,37
50,1,75
50,2,122
50,3,173
51,0,38
51,1,77
51,2,126
51,3,177
52,0,39
52,1,79
52,2,129
52,3,182
53,0,40
53,1,81
53,2,132
53,3,187
54,0,41
54,1,84
54,2,136
54,3,192
55,0,42
55,1,86
55,2,139
55,3,196
56,0,43
56,1,88
56,2,143
56,3,202
57,0,44
57,1,90
57,2,146
57,3,207
58,0,45
58,1,92
58,2,150
58,3,211
59,0,47
59,1,94
59,2,153
59,3,216
60,0,48
60,1,96
60,2,157
60,3,221
61,0,49
61,1,99
61,2,161
61,3,227
62,0,50
62,1,101
62,2,164
62,3,232
63,0,51
63,1,103
63,2,168
63,3,237
64,0,52
64,1,105
64,2,171
64,3,242
65,0,52
65,1,106
65,2,173
65,3,244
66,0,53
66,1,107
66,2,174
66,3,246
67,0,53
67,1,108
67,2,176
67,3,248
68,0,54
68,1,109
68,2,177
68,3,250
69,0,54
69,1,110
69,2,178
69,3,252
70,0,55
70,1,111
70,2,180
70,3,254
71,0,55
71,1,111
71,2,181
71,3,256
72,0,56
72,1,112
72,2,183
72,3,258
73,0,56
73,1,113
73,2,184
73,3,260
74,0,57
74,1,114
74,2,185
74,3,261
75,0,57
75,1,115
75,2,187
75,3,264
76,0,58
76,1,116
76,2,188
76,3,265
77,0,58
77,1,117
77,2,190
77,3,267
78,0,59
78,1,117
78,2,191
78,3,269
79,0,59
79,1,118
79,2,193
79,3,271
80,0,59
80,1,119
80,2,194
80,3,273
81,0,60
81,1,120
81,2,195
81,3,275
82,0,60
82,1,121
82,2,197
82,3,277
83,0,61
83,1,122
83,2,198
83,3,279
84,0,61
84,1,123
84,2,199
84,3,281
85,0,62
85,1,124
85,2,201
85,3,283
86,0,62
86,1,124
86,2,202
86,3,284
87,0,63
87,1,125
87,2,204
87,3,287
88,0,63
88,1,126
88,2,205
88,3,288
89,0,64
89,1,127
89,2,206
89,3,290
90,0,64
90,1,127
90,2,207
90,3,291
91,0,64
91,1,128
91,2,208
91,3,292
92,0,64
92,1,128
92,2,208
92,3,293
93,0,64
93,1,128
93,2,209
93,3,294
94,0,64
94,1,128
94,2,209
94,3,295
95,0,64
95,1,129
95,2,210
95,3,295
96,0,64
96,1,129
96,2,210
96,3,296
97,0,64
97,1,129
97,2,211
97,3,297
98,0,64
98,1,129
98,2,211
98,3,298
99,0,64
99,1,129
99,2,211
99,3,299
