level,tier,player_sp
0,0,4
0,1,7
0,2,10
0,3,14
1,0,5
1,1,8
1,2,11
1,3,15
2,0,6
2,1,9
2,2,12
2,3,17
3,0,7
3,1,10
3,2,14
3,3,18
4,0,8
4,1,12
4,2,15
4,3,20
5,0,9
5,1,13
5,2,17
5,3,22
6,0,10
6,1,14
6,2,18
6,3,23
7,0,11
7,1,15
7,2,20
7,3,25
8,0,12
8,1,16
8,2,21
8,3,27
9,0,13
9,1,18
9,2,23
9,3,29
10,0,15
10,1,19
10,2,24
10,3,31
11,0,16
11,1,20
11,2,26
11,3,33
12,0,17
12,1,22
12,2,27
12,3,35
13,0,18
13,1,23
13,2,29
13,3,37
14,0,19
14,1,24
14,2,31
14,3,39
15,0,20
15,1,25
15,2,32
15,3,41
16,0,21
16,1,27
16,2,34
16,3,43
17,0,22
17,1,28
17,2,36
17,3,45
18,0,23
18,1,29
18,2,37
18,3,47
19,0,24
19,1,31
19,2,39
19,3,49
20,0,25
20,1,32
20,2,41
20,3,52
21,0,26
21,1,33
21,2,43
21,3,54
22,0,27
22,1,35
22,2,44
22,3,56
23,0,29
23,1,36
23,2,46
23,3,58
24,0,30
24,1,37
24,2,48
24,3,61
25,0,31
25,1,39
25,2,50
25,3,63
26,0,32
26,1,40
26,2,51
26,3,65
27,0,33
27,1,41
27,2,53
27,3,68
28,0,34
28,1,43
28,2,55
28,3,70
29,0,35
29,1,44
29,2,57
29,3,72
30,0,36
30,1,45
30,2,59
30,3,75
31,0,37
31,1,47
31,2,60
31,3,77
32,0,38
32,1,48
32,2,62
32,3,79
33,0,39
33,1,50
33,2,64
33,3,82
34,0,41
34,1,51
34,2,66
34,3,84
35,0,42
35,1,52
35,2,68
35,3,87
36,0,43
36,1,54
36,2,70
36,3,89
37,0,44
37,1,55
37,2,72
37,3,92
38,0,45
38,1,56
38,2,73
38,3,94
39,0,46
39,1,58
39,2,75
39,3,97
40,0,47
40,1,59
40,2,77
40,3,98
41,0,47
41,1,60
41,2,78
41,3,100
42,0,48
42,1,61
42,2,79
42,3,101
43,0,49
43,1,62
43,2,81
43,3,103
44,0,50
44,1,63
44,2,82
44,3,104
45,0,50
45,1,64
45,2,83
45,3,106
46,0,51
46,1,65
46,2,84
46,3,107
47,0,52
47,1,67
47,2,86
47,3,109
48,0,52
48,1,68
48,2,87
48,3,110
49,0,53
49,1,69
49,2,88
49,3,112
50,0,54
50,1,70
50,2,90
50,3,113
51,0,54
51,1,71
51,2,91
51,3,115
52,0,55
52,1,72
52,2,92
52,3,116
53,0,56
53,1,73
53,2,94
53,3,118
54,0,56
54,1,74
54,2,95
54,3,119
55,0,57
55,1,75
55,2,96
55,3,121
56,0,58
56,1,76
56,2,97
56,3,122
57,0,58
57,1,78
57,2,99
57,3,124
58,0,59
58,1,79
58,2,100
58,3,125
59,0,60
59,1,80
59,2,101
59,3,127
60,0,61
60,1,81
60,2,103
60,3,128
61,0,61
61,1,82
61,2,104
61,3,130
62,0,62
62,1,83
62,2,105
62,3,131
63,0,63
63,1,84
63,2,107
63,3,133
64,0,63
64,1,85
64,2,108
64,3,134
65,0,64
65,1,86
65,2,109
65,3,136
66,0,65
66,1,87
66,2,110
66,3,137
67,0,65
67,1,89
67,2,112
67,3,139
68,0,66
68,1,90
68,2,113
68,3,140
69,0,67
69,1,91
69,2,114
69,3,142
70,0,67
70,1,92
70,2,116
70,3,143
71,0,68
71,1,93
71,2,117
71,3,145
72,0,69
72,1,94
72,2,118
72,3,146
73,0,70
73,1,95
73,2,120
73,3,148
74,0,70
74,1,96
74,2,121
74,3,149
75,0,71
75,1,97
75,2,122
75,3,151
76,0,72
76,1,98
76,2,123
76,3,152
77,0,72
77,1,100
77,2,125
77,3,154
78,0,73
78,1,101
78,2,126
78,3,155
79,0,74
79,1,102
79,2,127
79,3,157
80,0,74
80,1,102
80,2,128
80,3,157
81,0,74
81,1,102
81,2,128
81,3,158
82,0,74
82,1,103
82,2,129
82,3,158
83,0,75
83,1,103
83,2,129
83,3,159
84,0,75
84,1,103
84,2,130
84,3,159
85,0,75
85,1,104
85,2,130
85,3,160
86,0,75
86,1,104
86,2,130
86,3,160
87,0,76
87,1,104
87,2,131
87,3,161
88,0,76
88,1,104
88,2,131
88,3,161
89,0,76
89,1,105
89,2,132
89,3,161
90,0,76
90,1,105
90,2,132
90,3,162
91,0,77
91,1,105
91,2,133
91,3,162
92,0,77
92,1,106
92,2,133
92,3,163
93,0,77
93,1,106
93,2,133
93,3,163
94,0,77
94,1,106
94,2,134
94,3,164
95,0,78
95,1,106
95,2,134
95,3,164
96,0,78
96,1,107
96,2,135
96,3,164
97,0,78
97,1,107
97,2,135
97,3,165
98,0,78
98,1,107
98,2,135
98,3,165
99,0,78
99,1,108
99,2,136
99,3,166
