level,tier,player_atk
0,0,5
0,1,10
0,2,15
0,3,22
1,0,6
1,1,11
1,2,16
1,3,23
2,0,7
2,1,12
2,2,18
2,3,25
3,0,9
3,1,15
3,2,20
3,3,27
4,0,10
4,1,16
4,2,21
4,3,28
5,0,11
5,1,17
5,2,22
5,3,29
6,0,13
6,1,19
6,2,24
6,3,31
7,0,15
7,1,20
7,2,26
7,3,33
8,0,17
8,1,22
8,2,28
8,3,35
9,0,18
9,1,24
9,2,29
9,3,36
10,0,20
10,1,26
10,2,31
10,3,38
11,0,21
11,1,27
11,2,32
11,3,39
12,0,23
12,1,29
12,2,34
12,3,42
13,0,24
13,1,30
13,2,36
13,3,43
14,0,26
14,1,32
14,2,38
14,3,45
15,0,27
15,1,34
15,2,39
15,3,46
16,0,29
16,1,36
16,2,41
16,3,48
17,0,30
17,1,37
17,2,42
17,3,50
18,0,32
18,1,39
18,2,45
18,3,52
19,0,34
19,1,41
19,2,47
19,3,54
20,0,35
20,1,42
20,2,48
20,3,55
21,0,38
21,1,45
21,2,50
21,3,57
22,0,40
22,1,47
22,2,52
22,3,60
23,0,41
23,1,48
23,2,54
23,3,61
24,0,43
24,1,50
24,2,56
24,3,63
25,0,44
25,1,51
25,2,57
25,3,64
26,0,46
26,1,53
26,2,59
26,3,66
27,0,48
27,1,56
27,2,61
27,3,69
28,0,49
28,1,57
28,2,63
28,3,70
29,0,51
29,1,59
29,2,65
29,3,72
30,0,53
30,1,61
30,2,67
30,3,74
31,0,55
31,1,63
31,2,69
31,3,76
32,0,56
32,1,64
32,2,70
32,3,78
33,0,58
33,1,66
33,2,73
33,3,80
34,0,60
34,1,69
34,2,75
34,3,82
35,0,62
35,1,70
35,2,76
35,3,83
36,0,64
36,1,72
36,2,78
36,3,85
37,0,66
37,1,74
37,2,80
37,3,88
38,0,68
38,1,76
38,2,82
38,3,90
39,0,69
39,1,77
39,2,84
39,3,91
40,0,71
40,1,80
40,2,86
40,3,93
41,0,73
41,1,82
41,2,88
41,3,95
42,0,75
42,1,84
42,2,90
42,3,98
43,0,76
43,1,85
43,2,91
43,3,99
44,0,78
44,1,87
44,2,94
44,3,101
45,0,80
45,1,89
45,2,96
45,3,103
46,0,82
46,1,92
46,2,98
46,3,105
47,0,83
47,1,93
47,2,99
47,3,107
48,0,85
48,1,95
48,2,101
48,3,109
49,0,88
49,1,97
49,2,104
49,3,111
50,0,90
50,1,99
50,2,106
50,3,113
51,0,92
51,1,101
51,2,108
51,3,116
52,0,93
52,1,103
52,2,109
52,3,117
53,0,95
53,1,105
53,2,111
53,3,119
54,0,97
54,1,107
54,2,114
54,3,121
55,0,99
55,1,109
55,2,116
55,3,123
56,0,101
56,1,111
56,2,118
56,3,126
57,0,102
57,1,112
57,2,119
57,3,127
58,0,104
58,1,115
58,2,121
58,3,129
59,0,106
59,1,117
59,2,124
59,3,131
60,0,108
60,1,119
60,2,126
60,3,133
61,0,110
61,1,121
61,2,128
61,3,136
62,0,112
62,1,123
62,2,130
62,3,138
63,0,114
63,1,124
63,2,131
63,3,139
64,0,116
64,1,127
64,2,133
64,3,141
65,0,118
65,1,129
65,2,136
65,3,143
66,0,119
66,1,130
66,2,137
66,3,145
67,0,120
67,1,131
67,2,138
67,3,146
68,0,121
68,1,132
68,2,139
68,3,147
69,0,122
69,1,133
69,2,140
69,3,148
70,0,124
70,1,135
70,2,143
70,3,150
71,0,125
71,1,137
71,2,144
71,3,152
72,0,126
72,1,138
72,2,145
72,3,153
73,0,127
73,1,139
73,2,146
73,3,154
74,0,129
74,1,141
74,2,148
74,3,156
75,0,130
75,1,142
75,2,150
75,3,157
76,0,131
76,1,143
76,2,151
76,3,159
77,0,133
77,1,145
77,2,152
77,3,160
78,0,135
78,1,147
78,2,154
78,3,162
79,0,136
79,1,148
79,2,155
79,3,163
80,0,137
80,1,149
80,2,157
80,3,164
81,0,138
81,1,150
81,2,158
81,3,166
82,0,140
82,1,152
82,2,160
82,3,168
83,0,141
83,1,154
83,2,161
83,3,169
84,0,142
84,1,155
84,2,162
84,3,170
85,0,143
85,1,156
85,2,164
85,3,171
86,0,145
86,1,158
86,2,166
86,3,174
87,0,146
87,1,159
87,2,167
87,3,175
88,0,147
88,1,160
88,2,168
88,3,176
89,0,148
89,1,162
89,2,169
89,3,177
90,0,149
90,1,163
90,2,170
90,3,178
91,0,151
91,1,164
91,2,172
91,3,180
92,0,151
92,1,164
92,2,172
92,3,180
93,0,152
93,1,165
93,2,173
93,3,181
94,0,152
94,1,165
94,2,173
94,3,181
95,0,153
95,1,167
95,2,174
95,3,182
96,0,154
96,1,168
96,2,176
96,3,184
97,0,154
97,1,168
97,2,176
97,3,184
98,0,155
98,1,169
98,2,177
98,3,185
99,0,156
99,1,170
99,2,178
99,3,186
