level,tier,player_dmg
0,0,4
0,1,5
0,2,7
0,3,10
1,0,5
1,1,6
1,2,8
1,3,11
2,0,6
2,1,8
2,2,10
2,3,14
3,0,8
3,1,10
3,2,12
3,3,17
4,0,9
4,1,12
4,2,15
4,3,21
5,0,11
5,1,14
5,2,18
5,3,26
6,0,13
6,1,17
6,2,21
6,3,31
7,0,15
7,1,20
7,2,24
7,3,36
8,0,18
8,1,23
8,2,28
8,3,41
9,0,20
9,1,26
9,2,32
9,3,47
10,0,23
10,1,30
10,2,37
10,3,53
11,0,25
11,1,33
11,2,41
11,3,59
12,0,28
12,1,37
12,2,46
12,3,67
13,0,31
13,1,41
13,2,51
13,3,73
14,0,34
14,1,45
14,2,57
14,3,81
15,0,38
15,1,49
15,2,62
15,3,88
16,0,41
16,1,54
16,2,68
16,3,97
17,0,44
17,1,59
17,2,74
17,3,105
18,0,48
18,1,64
18,2,80
18,3,113
19,0,52
19,1,69
19,2,87
19,3,123
20,0,56
20,1,74
20,2,93
20,3,132
21,0,60
21,1,80
21,2,101
21,3,141
22,0,64
22,1,86
22,2,108
22,3,151
23,0,69
23,1,91
23,2,115
23,3,161
24,0,73
24,1,98
24,2,123
24,3,172
25,0,78
25,1,104
25,2,131
25,3,182
26,0,83
26,1,110
26,2,139
26,3,193
27,0,87
27,1,117
27,2,148
27,3,204
28,0,92
28,1,123
28,2,156
28,3,215
29,0,97
29,1,131
29,2,165
29,3,227
30,0,103
30,1,138
30,2,174
30,3,239
31,0,108
31,1,145
31,2,184
31,3,252
32,0,113
32,1,152
32,2,193
32,3,264
33,0,119
33,1,160
33,2,203
33,3,277
34,0,125
34,1,168
34,2,213
34,3,290
35,0,131
35,1,176
35,2,223
35,3,303
36,0,137
36,1,184
36,2,234
36,3,317
37,0,143
37,1,193
37,2,244
37,3,330
38,0,149
38,1,202
38,2,256
38,3,345
39,0,155
39,1,210
39,2,266
39,3,359
40,0,162
40,1,219
40,2,278
40,3,374
41,0,169
41,1,228
41,2,290
41,3,389
42,0,175
42,1,238
42,2,302
42,3,404
43,0,182
43,1,247
43,2,314
43,3,420
44,0,189
44,1,257
44,2,326
44,3,435
45,0,197
45,1,267
45,2,339
45,3,451
46,0,204
46,1,277
46,2,352
46,3,468
47,0,211
47,1,287
47,2,366
47,3,484
48,0,219
48,1,298
48,2,379
48,3,501
49,0,226
49,1,308
49,2,392
49,3,518
50,0,235
50,1,319
50,2,406
50,3,535
51,0,243
51,1,331
51,2,421
51,3,553
52,0,251
52,1,342
52,2,435
52,3,571
53,0,259
53,1,353
53,2,450
53,3,590
54,0,267
54,1,365
54,2,465
54,3,608
55,0,276
55,1,376
55,2,480
55,3,626
56,0,285
56,1,389
56,2,496
56,3,646
57,0,293
57,1,401
57,2,511
57,3,664
58,0,302
58,1,413
58,2,527
58,3,684
59,0,311
59,1,426
59,2,543
59,3,704
60,0,320
60,1,439
60,2,560
60,3,724
61,0,329
61,1,451
61,2,576
61,3,744
62,0,339
62,1,465
62,2,594
62,3,765
63,0,349
63,1,478
63,2,610
63,3,785
64,0,358
64,1,492
64,2,628
64,3,807
65,0,364
65,1,499
65,2,638
65,3,818
66,0,368
66,1,506
66,2,646
66,3,827
67,0,374
67,1,513
67,2,656
67,3,838
68,0,379
68,1,521
68,2,666
68,3,849
69,0,384
69,1,528
69,2,675
69,3,859
70,0,389
70,1,535
70,2,684
70,3,870
71,0,395
71,1,543
71,2,694
71,3,881
72,0,400
72,1,550
72,2,704
72,3,893
73,0,405
73,1,557
73,2,713
73,3,903
74,0,410
74,1,565
74,2,723
74,3,914
75,0,416
75,1,573
75,2,733
75,3,925
76,0,421
76,1,580
76,2,743
76,3,936
77,0,427
77,1,588
77,2,753
77,3,947
78,0,432
78,1,596
78,2,763
78,3,959
79,0,437
79,1,603
79,2,773
79,3,969
80,0,443
80,1,611
80,2,783
80,3,981
81,0,449
81,1,619
81,2,794
81,3,993
82,0,454
82,1,627
82,2,804
82,3,1004
83,0,460
83,1,635
83,2,814
83,3,1015
84,0,465
84,1,643
84,2,825
84,3,1027
85,0,471
85,1,651
85,2,835
85,3,1039
86,0,477
86,1,659
86,2,845
86,3,1050
87,0,483
87,1,667
87,2,856
87,3,1062
88,0,488
88,1,676
88,2,867
88,3,1074
89,0,494
89,1,683
89,2,877
89,3,1085
90,0,498
90,1,689
90,2,885
90,3,1093
91,0,502
91,1,694
91,2,891
91,3,1099
92,0,506
92,1,700
92,2,899
92,3,1107
93,0,509
93,1,705
93,2,906
93,3,1114
94,0,513
94,1,710
94,2,913
94,3,1121
95,0,517
95,1,716
95,2,919
95,3,1128
96,0,520
96,1,721
96,2,926
96,3,1135
97,0,524
97,1,727
97,2,934
97,3,1143
98,0,528
98,1,732
98,2,941
98,3,1150
99,0,534
99,1,740
99,2,950
99,3,1160
