level,tier,player_def
0,0,5
0,1,8
0,2,10
0,3,13
1,0,6
1,1,9
1,2,11
1,3,14
2,0,7
2,1,10
2,2,12
2,3,15
3,0,8
3,1,11
3,2,14
3,3,17
4,0,9
4,1,12
4,2,15
4,3,18
5,0,10
5,1,14
5,2,16
5,3,20
6,0,11
6,1,15
6,2,17
6,3,21
7,0,12
7,1,16
7,2,19
7,3,22
8,0,13
8,1,17
8,2,20
8,3,24
9,0,14
9,1,18
9,2,21
9,3,25
10,0,15
10,1,19
10,2,23
10,3,27
11,0,16
11,1,20
11,2,24
11,3,29
12,0,18
12,1,22
12,2,26
12,3,30
13,0,19
13,1,23
13,2,27
13,3,32
14,0,20
14,1,24
14,2,28
14,3,33
15,0,21
15,1,25
15,2,30
15,3,35
16,0,22
16,1,26
16,2,31
16,3,37
17,0,23
17,1,28
17,2,33
17,3,38
18,0,24
18,1,29
18,2,34
18,3,40
19,0,25
19,1,30
19,2,36
19,3,42
20,0,26
20,1,31
20,2,37
20,3,43
21,0,27
21,1,32
21,2,39
21,3,45
22,0,28
22,1,33
22,2,40
22,3,47
23,0,29
23,1,35
23,2,41
23,3,48
24,0,30
24,1,36
24,2,43
24,3,50
25,0,31
25,1,37
25,2,44
25,3,52
26,0,32
26,1,38
26,2,46
26,3,53
27,0,33
27,1,40
27,2,47
27,3,55
28,0,35
28,1,41
28,2,49
28,3,57
29,0,36
29,1,42
29,2,50
29,3,59
30,0,37
30,1,43
30,2,52
30,3,60
31,0,38
31,1,44
31,2,53
31,3,62
32,0,39
32,1,46
32,2,55
32,3,64
33,0,40
33,1,47
33,2,57
33,3,66
34,0,41
34,1,48
34,2,58
34,3,68
35,0,42
35,1,49
35,2,60
35,3,69
36,0,43
36,1,51
36,2,61
36,3,71
37,0,44
37,1,52
37,2,63
37,3,73
38,0,45
38,1,53
38,2,64
38,3,75
39,0,46
39,1,54
39,2,66
39,3,77
40,0,47
40,1,55
40,2,67
40,3,78
41,0,48
41,1,57
41,2,69
41,3,80
42,0,49
42,1,58
42,2,70
42,3,82
43,0,51
43,1,59
43,2,72
43,3,84
44,0,52
44,1,60
44,2,74
44,3,86
45,0,53
45,1,62
45,2,75
45,3,88
46,0,54
46,1,63
46,2,77
46,3,90
47,0,55
47,1,64
47,2,78
47,3,91
48,0,56
48,1,65
48,2,80
48,3,93
49,0,57
49,1,67
49,2,82
49,3,95
50,0,58
50,1,68
50,2,83
50,3,97
51,0,59
51,1,69
51,2,85
51,3,99
52,0,60
52,1,70
52,2,86
52,3,101
53,0,61
53,1,72
53,2,88
53,3,103
54,0,62
54,1,73
54,2,89
54,3,105
55,0,63
55,1,74
55,2,91
55,3,107
56,0,65
56,1,75
56,2,93
56,3,108
57,0,66
57,1,77
57,2,94
57,3,110
58,0,67
58,1,78
58,2,96
58,3,112
59,0,68
59,1,79
59,2,98
59,3,114
60,0,69
60,1,80
60,2,99
60,3,116
61,0,70
61,1,82
61,2,101
61,3,118
62,0,71
62,1,83
62,2,102
62,3,120
63,0,72
63,1,84
63,2,104
63,3,122
64,0,73
64,1,85
64,2,106
64,3,124
65,0,74
65,1,87
65,2,107
65,3,125
66,0,75
66,1,88
66,2,108
66,3,127
67,0,76
67,1,89
67,2,110
67,3,128
68,0,77
68,1,90
68,2,111
68,3,129
69,0,78
69,1,92
69,2,112
69,3,131
70,0,79
70,1,93
70,2,113
70,3,132
71,0,80
71,1,94
71,2,115
71,3,134
72,0,81
72,1,95
72,2,116
72,3,135
73,0,82
73,1,97
73,2,117
73,3,136
74,0,83
74,1,98
74,2,119
74,3,138
75,0,84
75,1,99
75,2,120
75,3,139
76,0,85
76,1,100
76,2,121
76,3,141
77,0,86
77,1,102
77,2,123
77,3,142
78,0,87
78,1,103
78,2,124
78,3,143
79,0,88
79,1,104
79,2,125
79,3,145
80,0,89
80,1,105
80,2,126
80,3,146
81,0,90
81,1,107
81,2,128
81,3,148
82,0,91
82,1,108
82,2,129
82,3,149
83,0,92
83,1,109
83,2,130
83,3,150
84,0,93
84,1,110
84,2,132
84,3,152
85,0,94
85,1,111
85,2,133
85,3,153
86,0,95
86,1,113
86,2,134
86,3,155
87,0,96
87,1,114
87,2,136
87,3,156
88,0,97
88,1,115
88,2,137
88,3,157
89,0,98
89,1,116
89,2,138
89,3,159
90,0,99
90,1,117
90,2,139
90,3,160
91,0,100
91,1,118
91,2,140
91,3,160
92,0,100
92,1,118
92,2,140
92,3,161
93,0,101
93,1,119
93,2,141
93,3,162
94,0,102
94,1,120
94,2,142
94,3,163
95,0,102
95,1,120
95,2,142
95,3,163
96,0,103
96,1,121
96,2,143
96,3,164
97,0,103
97,1,121
97,2,144
97,3,165
98,0,104
98,1,122
98,2,144
98,3,166
99,0,104
99,1,123
99,2,145
99,3,167
