level,tier,player_hp
0,0,6
0,1,9
0,2,11
0,3,16
1,0,8
1,1,11
1,2,13
1,3,19
2,0,10
2,1,14
2,2,16
2,3,21
3,0,13
3,1,17
3,2,19
3,3,25
4,0,16
4,1,20
4,2,23
4,3,28
5,0,19
5,1,24
5,2,27
5,3,33
6,0,23
6,1,27
6,2,31
6,3,37
7,0,27
7,1,31
7,2,35
7,3,42
8,0,31
8,1,36
8,2,40
8,3,47
9,0,35
9,1,40
9,2,45
9,3,52
10,0,39
10,1,45
10,2,50
10,3,57
11,0,43
11,1,50
11,2,55
11,3,63
12,0,48
12,1,55
12,2,61
12,3,69
13,0,52
13,1,60
13,2,67
13,3,75
14,0,57
14,1,65
14,2,72
14,3,81
15,0,62
15,1,71
15,2,78
15,3,88
16,0,67
16,1,76
16,2,85
16,3,94
17,0,72
17,1,82
17,2,91
17,3,101
18,0,78
18,1,88
18,2,97
18,3,108
19,0,83
19,1,94
19,2,104
19,3,115
20,0,89
20,1,100
20,2,111
20,3,123
21,0,94
21,1,106
21,2,118
21,3,130
22,0,100
22,1,113
22,2,125
22,3,138
23,0,106
23,1,119
23,2,132
23,3,146
24,0,112
24,1,126
24,2,140
24,3,154
25,0,118
25,1,133
25,2,147
25,3,162
26,0,124
26,1,139
26,2,155
26,3,170
27,0,130
27,1,146
27,2,162
27,3,178
28,0,137
28,1,153
28,2,170
28,3,187
29,0,143
29,1,161
29,2,178
29,3,196
30,0,149
30,1,168
30,2,186
30,3,204
31,0,156
31,1,175
31,2,194
31,3,213
32,0,163
32,1,183
32,2,203
32,3,222
33,0,169
33,1,190
33,2,211
33,3,231
34,0,176
34,1,198
34,2,220
34,3,241
35,0,183
35,1,206
35,2,228
35,3,250
36,0,190
36,1,214
36,2,237
36,3,260
37,0,197
37,1,222
37,2,246
37,3,269
38,0,204
38,1,230
38,2,255
38,3,279
39,0,211
39,1,238
39,2,264
39,3,289
40,0,219
40,1,246
40,2,273
40,3,299
41,0,226
41,1,254
41,2,282
41,3,309
42,0,233
42,1,263
42,2,291
42,3,319
43,0,241
43,1,271
43,2,301
43,3,330
44,0,248
44,1,279
44,2,310
44,3,340
45,0,256
45,1,288
45,2,320
45,3,351
46,0,264
46,1,297
46,2,329
46,3,361
47,0,271
47,1,306
47,2,339
47,3,372
48,0,279
48,1,314
48,2,349
48,3,383
49,0,287
49,1,323
49,2,359
49,3,394
50,0,295
50,1,332
50,2,369
50,3,405
51,0,303
51,1,341
51,2,379
51,3,416
52,0,311
52,1,351
52,2,389
52,3,427
53,0,319
53,1,360
53,2,400
53,3,438
54,0,327
54,1,369
54,2,410
54,3,450
55,0,335
55,1,378
55,2,420
55,3,461
56,0,344
56,1,388
56,2,431
56,3,473
57,0,352
57,1,397
57,2,441
57,3,485
58,0,360
58,1,407
58,2,452
58,3,496
59,0,369
59,1,416
59,2,463
59,3,508
60,0,377
60,1,426
60,2,474
60,3,520
61,0,386
61,1,436
61,2,485
61,3,532
62,0,395
62,1,446
62,2,496
62,3,544
63,0,403
63,1,456
63,2,507
63,3,557
64,0,412
64,1,466
64,2,518
64,3,569
65,0,416
65,1,470
65,2,522
65,3,574
66,0,420
66,1,473
66,2,526
66,3,578
67,0,423
67,1,477
67,2,531
67,3,583
68,0,427
68,1,481
68,2,535
68,3,587
69,0,431
69,1,485
69,2,539
69,3,592
70,0,435
70,1,489
70,2,543
70,3,596
71,0,438
71,1,493
71,2,548
71,3,601
72,0,442
72,1,497
72,2,552
72,3,605
73,0,446
73,1,501
73,2,556
73,3,610
74,0,450
74,1,505
74,2,560
74,3,614
75,0,453
75,1,508
75,2,565
75,3,619
76,0,457
76,1,512
76,2,569
76,3,623
77,0,461
77,1,516
77,2,573
77,3,628
78,0,465
78,1,520
78,2,577
78,3,632
79,0,468
79,1,524
79,2,582
79,3,637
80,0,472
80,1,528
80,2,586
80,3,641
81,0,476
81,1,532
81,2,590
81,3,646
82,0,480
82,1,536
82,2,594
82,3,650
83,0,483
83,1,540
83,2,599
83,3,655
84,0,487
84,1,543
84,2,603
84,3,659
85,0,491
85,1,547
85,2,607
85,3,664
86,0,495
86,1,551
86,2,611
86,3,668
87,0,498
87,1,555
87,2,616
87,3,673
88,0,502
88,1,559
88,2,620
88,3,677
89,0,506
89,1,563
89,2,624
89,3,682
90,0,507
90,1,564
90,2,626
90,3,684
91,0,507
91,1,565
91,2,628
91,3,686
92,0,508
92,1,566
92,2,629
92,3,688
93,0,509
93,1,567
93,2,631
93,3,690
94,0,509
94,1,568
94,2,633
94,3,692
95,0,510
95,1,569
95,2,634
95,3,694
96,0,511
96,1,570
96,2,636
96,3,696
97,0,512
97,1,571
97,2,637
97,3,698
98,0,512
98,1,572
98,2,639
98,3,700
99,0,512
99,1,573
99,2,641
99,3,703
